{
  "lcoe_model": {
    "features": [
      "mean_wind_speed_mps",
      "water_depth_m",
      "installed_capacity_MW",
      "commissioning_year",
      "distance_from_shore_km",
      "project_lifetime_years",
      "LAT",
      "LON"
    ],
    "train_metrics": {
      "rows_used": 86,
      "rmse": 32.59425854192668,
      "mae": 22.225470961593217,
      "r2": 0.38136076172077604
    },
    "test_metrics": {
      "rows_used": 22,
      "rmse": 49.61348302680562,
      "mae": 35.53543937031693,
      "r2": 0.2584989760663261
    },
    "intercept": -2714.054114047703,
    "coefficients": {
      "mean_wind_speed_mps": 10.567838298118195,
      "water_depth_m": 0.42620595959535523,
      "installed_capacity_MW": -0.056968118548624706,
      "commissioning_year": 1.4046997049406886,
      "distance_from_shore_km": -0.045249251511039465,
      "project_lifetime_years": -4.272308365092998,
      "LAT": 0.41917169520264863,
      "LON": -0.8369256749007457
    }
  },
  "new_location_prediction": {
    "mean_wind_speed_mps": 9.361673770124112,
    "mean_wave_height_m": 9.0,
    "predicted_lcoe_eur_per_mwh": 118.71024737823336
  }
}